Town,median_cost_per_bed,median_ownership_per_bed,listings,ZIP_CODE
"Abington, MA",192333.33,1258.18,85,02351
"Acton, MA",223333.33,1460.97,97,01720
"Acushnet, MA",171666.67,1122.99,74,02743
"Adams, MA",83150.0,543.94,6,01220
"Agawam, MA",120000.0,785.0,197,01001
"Amesbury, MA",212083.33,1387.38,88,01913
"Amherst, MA",161000.0,1053.21,111,01002
"Andover, MA",236868.33,1549.51,114,01810
"Arlington, MA",247500.0,1619.06,22,02474
"Ashburnham, MA",156650.0,1024.75,60,01430
"Ashby, MA",161625.0,1057.3,33,01431
"Ashfield, MA",152333.33,996.51,5,01330
"Ashland, MA",205833.33,1346.49,92,01721
"Athol, MA",120612.5,789.01,84,01331
"Attleboro, MA",170000.0,1112.08,277,02703
"Auburn, MA",157333.33,1029.22,139,01501
"Avon, MA",185333.33,1212.39,22,02322
"Ayer, MA",195000.0,1275.62,49,01432
"Barnstable, MA",213333.33,1395.56,248,02632
"Barre, MA",128341.67,839.57,30,01005
"Becket, MA",100000.0,654.17,7,01223
"Bedford, MA",242000.0,1583.08,41,01730
"Belchertown, MA",145000.0,948.54,121,01007
"Bellingham, MA",181666.67,1188.4,114,02019
"Belmont, MA",251458.33,1644.96,8,02478
"Berkley, MA",194375.0,1271.54,60,02779
"Berlin, MA",241428.57,1579.35,13,01503
"Bernardston, MA",141666.67,926.74,13,01337
"Beverly, MA",219333.33,1434.81,119,01915
"Billerica, MA",213333.33,1395.56,187,01821
"Blackstone, MA",146666.67,959.44,47,01504
"Blandford, MA",143333.33,937.64,5,01008
"Bolton, MA",226000.0,1478.42,40,01740
"Boston, MA",196208.33,1283.53,62,02136
"Boston, MA : Brighton",228574.5,1495.26,14,02135
"Boston, MA : Dorchester",209404.76,1369.86,60,02124
"Boston, MA : East Boston",239583.33,1567.27,14,02128
"Boston, MA : Hyde Park",203750.0,1332.86,59,02136
"Boston, MA : Jamaica Plain",255416.67,1670.85,4,02130
"Boston, MA : Mattapan",186666.67,1221.11,17,02126
"Boston, MA : Roslindale",235416.67,1540.02,32,02131
"Boston, MA : Roxbury",176666.67,1155.69,7,02119
"Boston, MA : South Boston",184047.62,1203.98,4,02127
"Boston, MA : West Roxbury",230000.0,1504.58,66,02132
"Bourne, MA",191666.67,1253.82,128,02532
"Boxborough, MA",226666.67,1482.78,25,01719
"Boxford, MA",221250.0,1447.34,33,01921
"Boylston, MA",188833.33,1235.28,28,01505
"Braintree, MA",210000.0,1373.75,135,02184
"Brewster, MA",225416.67,1474.6,44,02631
"Bridgewater, MA",197666.67,1293.07,130,02324
"Brimfield, MA",152666.67,998.69,29,01010
"Brockton, MA",154250.0,1009.05,427,02302
"Brookfield, MA",147154.17,962.63,18,01506
"Brookline, MA",236666.67,1548.19,4,02445
"Buckland, MA",149833.33,980.16,8,01370
"Burlington, MA",228333.33,1493.68,94,01803
"Cambridge, MA",258333.33,1689.93,3,02139
"Canton, MA",225000.0,1471.88,87,02021
"Carlisle, MA",220000.0,1439.17,9,01741
"Carver, MA",183833.33,1202.58,79,02330
"Charlemont, MA",134833.33,882.03,6,01339
"Charlton, MA",162125.0,1060.57,112,01507
"Chatham, MA",216666.67,1417.36,11,02633
"Chelmsford, MA",210000.0,1373.75,210,01824
"Chelsea, MA",194583.33,1272.9,26,02150
"Cheshire, MA",171666.67,1122.99,3,01225
"Chester, MA",115000.0,752.29,8,01011
"Chesterfield, MA",147483.33,964.79,10,01012
"Chicopee, MA",103333.33,675.97,240,01020
"Clinton, MA",149983.33,981.14,52,01510
"Cohasset, MA",200000.0,1308.33,15,02025
"Colrain, MA",145000.0,948.54,3,01340
"Concord, MA",237500.0,1553.65,13,01742
"Conway, MA",162000.0,1059.75,9,01341
"Cummington, MA",133333.33,872.22,7,01026
"Dalton, MA",96666.67,632.36,21,01226
"Danvers, MA",212500.0,1390.1,107,01923
"Dartmouth, MA",182291.67,1192.49,126,02747
"Dedham, MA",220000.0,1439.17,93,02026
"Deerfield, MA",136666.67,894.03,21,01373
"Dennis, MA",201250.0,1316.51,93,02639
"Devens, MA",174166.67,1139.34,4,01434
"Dighton, MA",190000.0,1242.92,61,02715
"Douglas, MA",175625.0,1148.88,70,01516
"Dover, MA",246250.0,1610.89,5,02030
"Dracut, MA",181833.33,1189.49,174,01826
"Dudley, MA",140416.67,918.56,82,01571
"Dunstable, MA",225833.33,1477.33,18,01827
"Duxbury, MA",232125.0,1518.48,48,02332
"East Bridgewater, MA",196633.33,1286.31,69,02333
"East Brookfield, MA",141500.0,925.65,14,01515
"East Longmeadow, MA",125000.0,817.71,123,01028
"Eastham, MA",235291.67,1539.2,28,02642
"Easthampton, MA",147145.83,962.58,84,01027
"Easton, MA",212375.0,1389.29,110,02356
"Erving, MA",133316.67,872.11,8,01344
"Essex, MA",216666.67,1417.36,3,01929
"Everett, MA",210000.0,1373.75,33,02149
"Fairhaven, MA",170625.0,1116.17,56,02719
"Fall River, MA",139250.0,910.93,254,02720
"Falmouth, MA",200000.0,1308.33,197,02536
"Fitchburg, MA",138500.0,906.02,154,01420
"Foxboro, MA",206500.0,1350.85,79,02035
"Framingham, MA",208000.0,1360.67,360,01701
"Franklin, MA",210500.0,1377.02,182,02038
"Freetown, MA",194000.0,1269.08,59,02702
"Gardner, MA",132150.0,864.48,96,01440
"Georgetown, MA",225000.0,1471.88,56,01833
"Gill, MA",122916.67,804.08,6,01354
"Gloucester, MA",231666.67,1515.49,41,01930
"Goshen, MA",138500.0,906.02,5,01032
"Grafton, MA",199375.0,1304.24,134,01519
"Granby, MA",137083.33,896.75,34,01033
"Granville, MA",131500.0,860.23,8,01034
"Greenfield, MA",114154.17,746.76,52,01301
"Groton, MA",228625.0,1495.59,78,01450
"Groveland, MA",212500.0,1390.1,41,01834
"Hadley, MA",179526.25,1174.4,26,01035
"Halifax, MA",184166.67,1204.76,48,02338
"Hamilton, MA",220208.33,1440.53,24,01982
"Hampden, MA",132291.67,865.41,44,01036
"Hanover, MA",216666.67,1417.36,66,02339
"Hanson, MA",197958.33,1294.98,64,02341
"Hardwick, MA",159166.67,1041.22,10,01037
"Harvard, MA",228333.33,1493.68,19,01451
"Harwich, MA",218133.33,1426.96,70,02645
"Hatfield, MA",165000.0,1079.38,13,01038
"Haverhill, MA",187500.0,1226.56,274,01830
"Heath, MA",115000.0,752.29,5,01346
"Hingham, MA",238125.0,1557.73,20,02043
"Hinsdale, MA",113850.0,744.77,6,01235
"Holbrook, MA",173541.67,1135.25,86,02343
"Holden, MA",177050.0,1158.2,175,01520
"Holland, MA",118333.33,774.1,33,01521
"Holliston, MA",208750.0,1365.57,110,01746
"Holyoke, MA",107500.0,703.23,103,01040
"Hopedale, MA",184166.67,1204.76,39,01747
"Hopkinton, MA",241666.67,1580.9,59,01748
"Hubbardston, MA",154166.67,1008.51,28,01452
"Hudson, MA",188933.33,1235.94,126,01749
"Hull, MA",195000.0,1275.62,37,02045
"Huntington, MA",118750.0,776.82,9,01050
"Ipswich, MA",223000.0,1458.79,51,01938
"Kingston, MA",208333.33,1362.85,72,02364
"Lakeville, MA",187083.33,1223.84,100,02347
"Lancaster, MA",183333.33,1199.31,47,01523
"Lanesborough, MA",116666.67,763.19,12,01237
"Lawrence, MA",169000.0,1105.54,82,01843
"Leicester, MA",138333.33,904.93,68,01524
"Leominster, MA",153333.33,1003.06,197,01453
"Leverett, MA",188836.25,1235.3,8,01054
"Lexington, MA",258332.5,1689.93,7,02420
"Leyden, MA",176666.67,1155.69,5,01337
"Lincoln, MA",248125.0,1623.15,6,01773
"Littleton, MA",215000.0,1406.46,38,01460
"Longmeadow, MA",160000.0,1046.67,129,01106
"Lowell, MA",166666.67,1090.28,243,01852
"Ludlow, MA",118333.33,774.1,149,01056
"Lunenburg, MA",172916.67,1131.16,100,01462
"Lynn, MA",199666.67,1306.15,166,01904
"Lynnfield, MA",234166.67,1531.84,34,01940
"Malden, MA",216133.33,1413.87,68,02148
"Manchester, MA",232500.3,1520.94,8,01944
"Mansfield, MA",216458.33,1416.0,104,02048
"Marblehead, MA",234433.33,1533.58,50,01945
"Marion, MA",174987.5,1144.71,28,02738
"Marlborough, MA",185000.0,1210.21,197,01752
"Marshfield, MA",226250.0,1480.05,109,02050
"Mashpee, MA",196833.33,1287.62,76,02649
"Mattapoisett, MA",208062.5,1361.08,42,02739
"Maynard, MA",199166.67,1302.88,76,01754
"Medfield, MA",232291.67,1519.57,38,02052
"Medford, MA",241166.67,1577.63,70,02155
"Medway, MA",193750.0,1267.45,95,02053
"Melrose, MA",235000.0,1537.29,49,02176
"Mendon, MA",208291.67,1362.57,58,01756
"Merrimac, MA",200125.0,1309.15,27,01860
"Methuen, MA",188000.0,1229.83,275,01844
"Middleboro, MA",188333.33,1232.01,169,02346
"Middleton, MA",238750.0,1561.82,27,01949
"Milford, MA",183000.0,1197.12,149,01757
"Millbury, MA",159800.0,1045.36,94,01527
"Millis, MA",197291.67,1290.62,78,02054
"Millville, MA",177500.0,1161.15,20,01529
"Milton, MA",232916.67,1523.66,36,02186
"Monson, MA",135000.0,883.12,53,01057
"Montague, MA",115208.33,753.65,38,01376
"Montgomery, MA",167070.83,1092.92,8,01085
"Nahant, MA",226666.67,1482.78,7,01908
"Natick, MA",234500.0,1534.02,106,01760
"Needham, MA",250000.0,1635.42,11,02492
"New Bedford, MA",151666.67,992.15,153,02745
"New Braintree, MA",186666.67,1221.11,4,01531
"New Salem, MA",145958.33,954.81,10,01355
"Newbury, MA",230000.0,1504.58,21,01922
"Newburyport, MA",243333.33,1591.81,23,01950
"Newton, MA",240375.0,1572.45,12,02460
"Norfolk, MA",220000.0,1439.17,88,02056
"North Adams, MA",92666.67,606.19,9,01247
"North Andover, MA",223333.33,1460.97,143,01845
"North Attleboro, MA",192500.0,1259.27,147,02760
"North Brookfield, MA",143750.0,940.36,27,01535
"North Reading, MA",226250.0,1480.05,53,01864
"Northampton, MA",161666.67,1057.57,95,01062
"Northborough, MA",202083.33,1321.96,106,01532
"Northbridge, MA",163000.0,1066.29,95,01534
"Northfield, MA",126666.67,828.61,19,01360
"Norton, MA",198333.33,1297.43,109,02766
"Norwell, MA",255000.0,1668.12,31,02061
"Norwood, MA",225000.0,1471.88,112,02062
"Oakham, MA",125625.0,821.8,6,01068
"Orange, MA",117166.67,766.47,46,01364
"Orleans, MA",236337.5,1546.04,12,02653
"Otis, MA",131666.67,861.32,7,01253
"Oxford, MA",149970.83,981.06,96,01540
"Palmer, MA",110000.0,719.58,71,01069
"Paxton, MA",156000.0,1020.5,35,01612
"Peabody, MA",213000.0,1393.38,201,01960
"Pelham, MA",145000.0,948.54,13,01002
"Pembroke, MA",196666.67,1286.53,113,02359
"Pepperell, MA",183000.0,1197.12,101,01463
"Petersham, MA",130625.0,854.51,8,01366
"Phillipston, MA",162500.0,1063.02,25,01331
"Pittsfield, MA",100833.33,659.62,64,01201
"Plainfield, MA",119833.33,783.91,3,01070
"Plainville, MA",192500.0,1259.27,45,02762
"Plymouth, MA",205000.0,1341.04,369,02360
"Plympton, MA",189375.0,1238.83,14,02367
"Princeton, MA",179166.67,1172.05,28,01541
"Quincy, MA",219166.67,1433.72,178,02169
"Randolph, MA",175000.0,1144.79,163,02368
"Raynham, MA",193541.67,1266.09,102,02767
"Reading, MA",228250.0,1493.14,74,01867
"Rehoboth, MA",190000.0,1242.92,93,02769
"Revere, MA",193333.33,1264.72,159,02151
"Rochester, MA",209166.67,1368.3,32,02770
"Rockland, MA",185833.33,1215.66,100,02370
"Rockport, MA",235000.0,1537.29,16,01966
"Rowley, MA",234166.67,1531.84,24,01969
"Royalston, MA",130333.33,852.6,6,01368
"Russell, MA",108333.33,708.68,9,01071
"Rutland, MA",168737.5,1103.82,80,01543
"Salem, MA",202708.33,1326.05,92,01970
"Salisbury, MA",206666.67,1351.94,50,01952
"Sandwich, MA",208333.33,1362.85,139,02563
"Saugus, MA",209750.0,1372.11,113,01906
"Savoy, MA",130666.67,854.78,3,01256
"Scituate, MA",218750.0,1430.99,42,02066
"Seekonk, MA",186250.0,1218.39,91,02771
"Sharon, MA",227500.0,1488.23,82,02067
"Shelburne, MA",143333.33,937.64,6,01370
"Sherborn, MA",257875.0,1686.93,3,01770
"Shirley, MA",175000.0,1144.79,33,01464
"Shrewsbury, MA",200000.0,1308.33,172,01545
"Shutesbury, MA",120000.0,785.0,13,01072
"Somerset, MA",160000.0,1046.67,147,02726
"Somerville, MA",256666.67,1679.03,10,02144
"South Hadley, MA",134000.0,876.58,117,01075
"Southampton, MA",172083.33,1125.71,44,01073
"Southborough, MA",226500.0,1481.69,39,01772
"Southbridge, MA",120000.0,785.0,94,01550
"Southwick, MA",142000.0,928.92,73,01077
"Spencer, MA",143333.33,937.64,73,01562
"Springfield, MA",98150.0,642.06,634,01118
"Sterling, MA",185000.0,1210.21,40,01564
"Stoneham, MA",235000.0,1537.29,63,02180
"Stoughton, MA",180333.33,1179.68,181,02072
"Stow, MA",227666.67,1489.32,35,01775
"Sturbridge, MA",153541.67,1004.42,104,01566
"Sudbury, MA",239500.0,1566.73,63,01776
"Sunderland, MA",135630.0,887.25,17,01375
"Sutton, MA",187500.0,1226.56,59,01590
"Swampscott, MA",208750.0,1365.57,25,01907
"Swansea, MA",165000.0,1079.38,97,02777
"Taunton, MA",166410.42,1088.6,308,02780
"Templeton, MA",146166.67,956.17,46,01468
"Tewksbury, MA",206833.33,1353.03,188,01876
"Tolland, MA",135000.0,883.12,9,01034
"Topsfield, MA",237500.0,1553.65,31,01983
"Townsend, MA",166666.67,1090.28,78,01469
"Tyngsborough, MA",202500.0,1324.69,65,01879
"Upton, MA",205000.0,1341.04,52,01568
"Uxbridge, MA",182466.67,1193.64,151,01569
"Wakefield, MA",230138.75,1505.49,97,01880
"Wales, MA",126666.67,828.61,9,01081
"Walpole, MA",207083.33,1354.67,112,02081
"Waltham, MA",237500.0,1553.65,106,02451
"Ware, MA",120000.0,785.0,61,01082
"Wareham, MA",166333.33,1088.1,159,02571
"Warren, MA",140000.0,915.83,35,01083
"Warwick, MA",109625.0,717.13,3,01378
"Watertown, MA",241458.33,1579.54,32,02472
"Wayland, MA",244750.0,1601.07,20,01778
"Webster, MA",140000.0,915.83,119,01570
"Wellesley, MA",261250.0,1709.01,4,02482
"Wellfleet, MA",186350.0,1219.04,11,02667
"Wenham, MA",238791.67,1562.1,10,01984
"West Boylston, MA",170000.0,1112.08,50,01583
"West Bridgewater, MA",190333.33,1245.1,34,02379
"West Brookfield, MA",157750.0,1031.95,32,01585
"West Newbury, MA",229791.67,1503.22,16,01985
"West Springfield, MA",116666.67,763.19,129,01089
"Westborough, MA",204312.5,1336.54,88,01581
"Westfield, MA",126666.67,828.61,207,01085
"Westford, MA",228750.0,1496.41,89,01886
"Westhampton, MA",154166.67,1008.51,12,01027
"Westminster, MA",178500.0,1167.69,82,01473
"Westport, MA",198333.33,1297.43,49,02790
"Westwood, MA",249650.0,1633.13,20,02090
"Weymouth, MA",206666.67,1351.94,263,02190
"Whately, MA",144916.67,948.0,6,01373
"Whitman, MA",171666.67,1122.99,63,02382
"Wilbraham, MA",138333.33,904.93,163,01095
"Williamsburg, MA",198900.0,1301.14,12,01096
"Williamstown, MA",102833.33,672.7,8,01267
"Wilmington, MA",233333.33,1526.39,112,01887
"Winchendon, MA",138816.67,908.09,80,01475
"Winchester, MA",253750.0,1659.95,9,01890
"Windsor, MA",120520.83,788.41,4,01270
"Winthrop, MA",219166.67,1433.72,25,02152
"Woburn, MA",225000.0,1471.88,122,01801
"Worcester, MA",148333.33,970.35,507,01606
"Worthington, MA",128333.33,839.51,10,01098
"Wrentham, MA",205916.67,1347.04,54,02093
"Yarmouth, MA",201666.67,1319.24,148,02673
